table_name,column_name,data_type,is_nullable,column_default,referenced_table,referenced_column,constraint_name
conversations,id,integer,NO,nextval('conversations_id_seq'::regclass),null,null,null
conversations,user_id,integer,NO,null,users,id,conversations_user_id_fkey
conversations,persona_id,integer,NO,null,personas,id,conversations_persona_id_fkey
conversations,title,character varying,YES,null,null,null,null
conversations,created_at,timestamp without time zone,YES,now(),null,null,null
conversations,updated_at,timestamp without time zone,YES,now(),null,null,null
documentation_plans,id,uuid,NO,gen_random_uuid(),null,null,null
documentation_plans,plan_name,text,NO,null,null,null,null
documentation_plans,version,text,NO,null,null,null,null
documentation_plans,created_at,timestamp with time zone,YES,now(),null,null,null
documentation_plans,updated_at,timestamp with time zone,YES,now(),null,null,null
documentation_plans,content,text,YES,null,null,null,null
documentation_plans,structured_data,jsonb,YES,null,null,null,null
documentation_plans,category,text,YES,null,null,null,null
dtdl_models,id,text,NO,null,null,null,null
dtdl_models,json,jsonb,NO,null,null,null,null
dtdl_models,version,integer,NO,null,null,null,null
ent_capabilities,id,character varying,NO,null,null,null,null
ent_capabilities,year,integer,NO,null,null,null,null
ent_capabilities,name,character varying,YES,null,null,null,null
ent_capabilities,description,text,YES,null,null,null,null
ent_capabilities,quarter,integer,YES,null,null,null,null
ent_capabilities,maturity_level,integer,YES,null,null,null,null
ent_capabilities,level,character varying,NO,null,null,null,null
ent_capabilities,parent_id,character varying,YES,null,ent_capabilities,id,ent_capabilities_parent_id_parent_year_fkey
ent_capabilities,parent_id,character varying,YES,null,ent_capabilities,year,ent_capabilities_parent_id_parent_year_fkey
ent_capabilities,parent_year,integer,YES,null,ent_capabilities,year,ent_capabilities_parent_id_parent_year_fkey
ent_capabilities,parent_year,integer,YES,null,ent_capabilities,id,ent_capabilities_parent_id_parent_year_fkey
ent_capabilities,status,character varying,YES,null,null,null,null
ent_capabilities,target_maturity_level,character varying,YES,null,null,null,null
ent_capabilities,type,text,YES,null,null,null,null
ent_change_adoption,id,character varying,NO,null,null,null,null
ent_change_adoption,year,integer,NO,null,null,null,null
ent_change_adoption,quarter,integer,YES,null,null,null,null
ent_change_adoption,name,character varying,YES,null,null,null,null
ent_change_adoption,level,character varying,NO,null,null,null,null
ent_change_adoption,parent_id,character varying,YES,null,ent_change_adoption,id,ent_change_adoption_parent_id_parent_year_fkey
ent_change_adoption,parent_id,character varying,YES,null,ent_change_adoption,year,ent_change_adoption_parent_id_parent_year_fkey
ent_change_adoption,parent_year,integer,YES,null,ent_change_adoption,year,ent_change_adoption_parent_id_parent_year_fkey
ent_change_adoption,parent_year,integer,YES,null,ent_change_adoption,id,ent_change_adoption_parent_id_parent_year_fkey
ent_change_adoption,change_type,character varying,YES,null,null,null,null
ent_change_adoption,target_group,text,YES,null,null,null,null
ent_change_adoption,status,character varying,YES,null,null,null,null
ent_culture_health,id,character varying,NO,null,null,null,null
ent_culture_health,year,integer,NO,null,null,null,null
ent_culture_health,quarter,integer,YES,null,null,null,null
ent_culture_health,name,character varying,YES,null,null,null,null
ent_culture_health,level,character varying,NO,null,null,null,null
ent_culture_health,parent_id,character varying,YES,null,ent_culture_health,id,ent_culture_health_parent_id_parent_year_fkey
ent_culture_health,parent_id,character varying,YES,null,ent_culture_health,year,ent_culture_health_parent_id_parent_year_fkey
ent_culture_health,parent_year,integer,YES,null,ent_culture_health,id,ent_culture_health_parent_id_parent_year_fkey
ent_culture_health,parent_year,integer,YES,null,ent_culture_health,year,ent_culture_health_parent_id_parent_year_fkey
ent_culture_health,survey_score,numeric,YES,null,null,null,null
ent_culture_health,trend,character varying,YES,null,null,null,null
ent_culture_health,target,numeric,YES,null,null,null,null
ent_culture_health,participation_rate,numeric,YES,null,null,null,null
ent_culture_health,historical_trends,character varying,YES,null,null,null,null
ent_culture_health,baseline,numeric,YES,null,null,null,null
ent_it_systems,id,character varying,NO,null,null,null,null
ent_it_systems,year,integer,NO,null,null,null,null
ent_it_systems,quarter,integer,YES,null,null,null,null
ent_it_systems,name,character varying,YES,null,null,null,null
ent_it_systems,level,character varying,NO,null,null,null,null
ent_it_systems,parent_id,character varying,YES,null,ent_it_systems,year,ent_it_systems_parent_id_parent_year_fkey
ent_it_systems,parent_id,character varying,YES,null,ent_it_systems,id,ent_it_systems_parent_id_parent_year_fkey
ent_it_systems,parent_year,integer,YES,null,ent_it_systems,year,ent_it_systems_parent_id_parent_year_fkey
ent_it_systems,parent_year,integer,YES,null,ent_it_systems,id,ent_it_systems_parent_id_parent_year_fkey
ent_it_systems,system_type,character varying,YES,null,null,null,null
ent_it_systems,technology_stack,text,YES,null,null,null,null
ent_it_systems,owner,character varying,YES,null,null,null,null
ent_it_systems,operational_status,character varying,YES,null,null,null,null
ent_it_systems,acquisition_cost,numeric,YES,null,null,null,null
ent_it_systems,number_of_modules,integer,YES,null,null,null,null
ent_it_systems,licensing,character varying,YES,null,null,null,null
ent_it_systems,annual_maintenance_costs,numeric,YES,null,null,null,null
ent_it_systems,criticality,character varying,YES,null,null,null,null
ent_it_systems,deployment_date,date,YES,null,null,null,null
ent_it_systems,vendor_supplier,character varying,YES,null,null,null,null
ent_org_units,id,character varying,NO,null,null,null,null
ent_org_units,year,integer,NO,null,null,null,null
ent_org_units,quarter,integer,YES,null,null,null,null
ent_org_units,name,character varying,YES,null,null,null,null
ent_org_units,level,character varying,NO,null,null,null,null
ent_org_units,parent_id,character varying,YES,null,ent_org_units,id,ent_org_units_parent_id_parent_year_fkey
ent_org_units,parent_id,character varying,YES,null,ent_org_units,year,ent_org_units_parent_id_parent_year_fkey
ent_org_units,parent_year,integer,YES,null,ent_org_units,year,ent_org_units_parent_id_parent_year_fkey
ent_org_units,parent_year,integer,YES,null,ent_org_units,id,ent_org_units_parent_id_parent_year_fkey
ent_org_units,unit_type,character varying,YES,null,null,null,null
ent_org_units,headcount,integer,YES,null,null,null,null
ent_org_units,budget,numeric,YES,null,null,null,null
ent_org_units,location,character varying,YES,null,null,null,null
ent_org_units,head_of_unit,character varying,YES,null,null,null,null
ent_org_units,annual_budget,numeric,YES,null,null,null,null
ent_org_units,staff_count,integer,YES,null,null,null,null
ent_org_units,gap,smallint,YES,null,null,null,null
ent_processes,id,character varying,NO,null,null,null,null
ent_processes,year,integer,NO,null,null,null,null
ent_processes,quarter,integer,YES,null,null,null,null
ent_processes,name,character varying,YES,null,null,null,null
ent_processes,level,character varying,NO,null,null,null,null
ent_processes,parent_id,character varying,YES,null,ent_processes,id,ent_processes_parent_id_parent_year_fkey
ent_processes,parent_id,character varying,YES,null,ent_processes,year,ent_processes_parent_id_parent_year_fkey
ent_processes,parent_year,integer,YES,null,ent_processes,year,ent_processes_parent_id_parent_year_fkey
ent_processes,parent_year,integer,YES,null,ent_processes,id,ent_processes_parent_id_parent_year_fkey
ent_processes,process_type,character varying,YES,null,null,null,null
ent_processes,maturity_level,integer,YES,null,null,null,null
ent_processes,automated,character varying,YES,null,null,null,null
ent_processes,automation_due,character varying,YES,null,null,null,null
ent_processes,health_status,character varying,YES,null,null,null,null
ent_processes,stage,character varying,YES,null,null,null,null
ent_processes,description,text,YES,null,null,null,null
ent_processes,inputs,text,YES,null,null,null,null
ent_processes,outputs,text,YES,null,null,null,null
ent_projects,id,character varying,NO,null,null,null,null
ent_projects,year,integer,NO,null,null,null,null
ent_projects,quarter,integer,YES,null,null,null,null
ent_projects,name,character varying,YES,null,null,null,null
ent_projects,level,character varying,NO,null,null,null,null
ent_projects,parent_id,character varying,YES,null,ent_projects,id,ent_projects_parent_id_parent_year_fkey
ent_projects,parent_id,character varying,YES,null,ent_projects,year,ent_projects_parent_id_parent_year_fkey
ent_projects,parent_year,integer,YES,null,ent_projects,year,ent_projects_parent_id_parent_year_fkey
ent_projects,parent_year,integer,YES,null,ent_projects,id,ent_projects_parent_id_parent_year_fkey
ent_projects,start_date,date,YES,null,null,null,null
ent_projects,end_date,date,YES,null,null,null,null
ent_projects,status,character varying,YES,null,null,null,null
ent_projects,budget,numeric,YES,null,null,null,null
ent_projects,progress_percentage,numeric,YES,null,null,null,null
ent_risks,id,character varying,NO,null,ent_capabilities,id,ent_risks_id_year_fkey
ent_risks,id,character varying,NO,null,ent_capabilities,year,ent_risks_id_year_fkey
ent_risks,year,integer,NO,null,ent_capabilities,year,ent_risks_id_year_fkey
ent_risks,year,integer,NO,null,ent_capabilities,id,ent_risks_id_year_fkey
ent_risks,quarter,integer,YES,null,null,null,null
ent_risks,name,character varying,YES,null,null,null,null
ent_risks,level,character varying,NO,null,null,null,null
ent_risks,parent_id,character varying,YES,null,ent_risks,year,ent_risks_parent_id_parent_year_fkey
ent_risks,parent_id,character varying,YES,null,ent_risks,id,ent_risks_parent_id_parent_year_fkey
ent_risks,parent_year,integer,YES,null,ent_risks,year,ent_risks_parent_id_parent_year_fkey
ent_risks,parent_year,integer,YES,null,ent_risks,id,ent_risks_parent_id_parent_year_fkey
ent_risks,risk_category,character varying,YES,null,null,null,null
ent_risks,project_outputs_risk,numeric,YES,null,null,null,null
ent_risks,role_gaps_risk,numeric,YES,null,null,null,null
ent_risks,it_systems_risk,numeric,YES,null,null,null,null
ent_risks,project_outputs_persistence,integer,YES,null,null,null,null
ent_risks,role_gaps_persistence,integer,YES,null,null,null,null
ent_risks,it_systems_persistence,integer,YES,null,null,null,null
ent_risks,project_outputs_delay_days,integer,YES,null,null,null,null
ent_risks,role_gaps_delay_days,integer,YES,null,null,null,null
ent_risks,it_systems_delay_days,integer,YES,null,null,null,null
ent_risks,likelihood_of_delay,numeric,YES,null,null,null,null
ent_risks,delay_days,integer,YES,null,null,null,null
ent_risks,risk_score,numeric,YES,null,null,null,null
ent_risks,people_score,numeric,YES,null,null,null,null
ent_risks,process_score,numeric,YES,null,null,null,null
ent_risks,tools_score,numeric,YES,null,null,null,null
ent_risks,operational_health_score,numeric,YES,null,null,null,null
ent_risks,identified_date,date,YES,null,null,null,null
ent_risks,last_review_date,date,YES,null,null,null,null
ent_risks,next_review_date,date,YES,null,null,null,null
ent_risks,risk_status,character varying,YES,null,null,null,null
ent_risks,closure_date,date,YES,null,null,null,null
ent_risks,risk_owner,character varying,YES,null,null,null,null
ent_risks,risk_reviewer,character varying,YES,null,null,null,null
ent_risks,affecting_policy_tools_or_performance,character varying,YES,null,null,null,null
ent_risks,policy_tools_associated,text,YES,null,null,null,null
ent_risks,performance_target_associated,text,YES,null,null,null,null
ent_risks,mitigation_strategy,text,YES,null,null,null,null
ent_risks,risk_description,text,YES,null,null,null,null
ent_risks,kpi,text,YES,null,null,null,null
ent_risks,threshold_red,text,YES,null,null,null,null
ent_risks,threshold_amber,text,YES,null,null,null,null
ent_risks,threshold_green,text,YES,null,null,null,null
ent_risks,external_factors,text,YES,null,null,null,null
ent_risks,dependencies,text,YES,null,null,null,null
ent_vendors,id,character varying,NO,null,null,null,null
ent_vendors,year,integer,NO,null,null,null,null
ent_vendors,quarter,integer,YES,null,null,null,null
ent_vendors,name,character varying,YES,null,null,null,null
ent_vendors,level,character varying,NO,null,null,null,null
ent_vendors,parent_id,character varying,YES,null,ent_vendors,year,ent_vendors_parent_id_parent_year_fkey
ent_vendors,parent_id,character varying,YES,null,ent_vendors,id,ent_vendors_parent_id_parent_year_fkey
ent_vendors,parent_year,integer,YES,null,ent_vendors,year,ent_vendors_parent_id_parent_year_fkey
ent_vendors,parent_year,integer,YES,null,ent_vendors,id,ent_vendors_parent_id_parent_year_fkey
ent_vendors,service_domain,character varying,YES,null,null,null,null
ent_vendors,service_detail,text,YES,null,null,null,null
ent_vendors,contract_value,numeric,YES,null,null,null,null
ent_vendors,performance_rating,integer,YES,null,null,null,null
ent_vendors,service_level_agreements,text,YES,null,null,null,null
jt_ent_capabilities_ent_it_systems_join,ent_capabilities_id,character varying,YES,null,ent_capabilities,id,jt_ent_capabilities_ent_it_sy_ent_capabilities_id_ent_capa_fkey
jt_ent_capabilities_ent_it_systems_join,ent_capabilities_id,character varying,YES,null,ent_capabilities,year,jt_ent_capabilities_ent_it_sy_ent_capabilities_id_ent_capa_fkey
jt_ent_capabilities_ent_it_systems_join,ent_capabilities_year,integer,YES,null,ent_capabilities,year,jt_ent_capabilities_ent_it_sy_ent_capabilities_id_ent_capa_fkey
jt_ent_capabilities_ent_it_systems_join,ent_capabilities_year,integer,YES,null,ent_capabilities,id,jt_ent_capabilities_ent_it_sy_ent_capabilities_id_ent_capa_fkey
jt_ent_capabilities_ent_it_systems_join,ent_it_systems_id,character varying,YES,null,ent_it_systems,year,jt_ent_capabilities_ent_it_sy_ent_it_systems_id_ent_it_sys_fkey
jt_ent_capabilities_ent_it_systems_join,ent_it_systems_id,character varying,YES,null,ent_it_systems,id,jt_ent_capabilities_ent_it_sy_ent_it_systems_id_ent_it_sys_fkey
jt_ent_capabilities_ent_it_systems_join,ent_it_systems_year,integer,YES,null,ent_it_systems,id,jt_ent_capabilities_ent_it_sy_ent_it_systems_id_ent_it_sys_fkey
jt_ent_capabilities_ent_it_systems_join,ent_it_systems_year,integer,YES,null,ent_it_systems,year,jt_ent_capabilities_ent_it_sy_ent_it_systems_id_ent_it_sys_fkey
jt_ent_capabilities_ent_it_systems_join,uid,bigint,NO,nextval('jt_ent_capabilities_ent_it_systems_join_uid_seq'::regclass),null,null,null
jt_ent_capabilities_ent_org_units_join,ent_capabilities_id,character varying,YES,null,ent_capabilities,id,jt_ent_capabilities_ent_org_u_ent_capabilities_id_ent_capa_fkey
jt_ent_capabilities_ent_org_units_join,ent_capabilities_id,character varying,YES,null,ent_capabilities,year,jt_ent_capabilities_ent_org_u_ent_capabilities_id_ent_capa_fkey
jt_ent_capabilities_ent_org_units_join,ent_capabilities_year,integer,YES,null,ent_capabilities,id,jt_ent_capabilities_ent_org_u_ent_capabilities_id_ent_capa_fkey
jt_ent_capabilities_ent_org_units_join,ent_capabilities_year,integer,YES,null,ent_capabilities,year,jt_ent_capabilities_ent_org_u_ent_capabilities_id_ent_capa_fkey
jt_ent_capabilities_ent_org_units_join,ent_org_units_id,character varying,YES,null,ent_org_units,id,jt_ent_capabilities_ent_org_u_ent_org_units_id_ent_org_uni_fkey
jt_ent_capabilities_ent_org_units_join,ent_org_units_id,character varying,YES,null,ent_org_units,year,jt_ent_capabilities_ent_org_u_ent_org_units_id_ent_org_uni_fkey
jt_ent_capabilities_ent_org_units_join,ent_org_units_year,integer,YES,null,ent_org_units,id,jt_ent_capabilities_ent_org_u_ent_org_units_id_ent_org_uni_fkey
jt_ent_capabilities_ent_org_units_join,ent_org_units_year,integer,YES,null,ent_org_units,year,jt_ent_capabilities_ent_org_u_ent_org_units_id_ent_org_uni_fkey
jt_ent_capabilities_ent_org_units_join,uid,bigint,NO,nextval('jt_ent_capabilities_ent_org_units_join_uid_seq'::regclass),null,null,null
jt_ent_capabilities_ent_processes_join,ent_capabilities_id,character varying,YES,null,ent_capabilities,year,jt_ent_capabilities_ent_proce_ent_capabilities_id_ent_capa_fkey
jt_ent_capabilities_ent_processes_join,ent_capabilities_id,character varying,YES,null,ent_capabilities,id,jt_ent_capabilities_ent_proce_ent_capabilities_id_ent_capa_fkey
jt_ent_capabilities_ent_processes_join,ent_capabilities_year,integer,YES,null,ent_capabilities,year,jt_ent_capabilities_ent_proce_ent_capabilities_id_ent_capa_fkey
jt_ent_capabilities_ent_processes_join,ent_capabilities_year,integer,YES,null,ent_capabilities,id,jt_ent_capabilities_ent_proce_ent_capabilities_id_ent_capa_fkey
jt_ent_capabilities_ent_processes_join,ent_processes_id,character varying,YES,null,ent_processes,id,jt_ent_capabilities_ent_proce_ent_processes_id_ent_process_fkey
jt_ent_capabilities_ent_processes_join,ent_processes_id,character varying,YES,null,ent_processes,year,jt_ent_capabilities_ent_proce_ent_processes_id_ent_process_fkey
jt_ent_capabilities_ent_processes_join,ent_processes_year,integer,YES,null,ent_processes,year,jt_ent_capabilities_ent_proce_ent_processes_id_ent_process_fkey
jt_ent_capabilities_ent_processes_join,ent_processes_year,integer,YES,null,ent_processes,id,jt_ent_capabilities_ent_proce_ent_processes_id_ent_process_fkey
jt_ent_capabilities_ent_processes_join,uid,bigint,NO,nextval('jt_ent_capabilities_ent_processes_join_uid_seq'::regclass),null,null,null
jt_ent_it_systems_ent_vendors_join,uid,bigint,NO,null,null,null,null
jt_ent_it_systems_ent_vendors_join,ent_it_systems_id,character varying,NO,null,ent_it_systems,year,jt_ent_it_systems_ent_vendors_ent_it_systems_id_ent_it_sys_fkey
jt_ent_it_systems_ent_vendors_join,ent_it_systems_id,character varying,NO,null,ent_it_systems,id,jt_ent_it_systems_ent_vendors_ent_it_systems_id_ent_it_sys_fkey
jt_ent_it_systems_ent_vendors_join,ent_it_systems_year,integer,NO,null,ent_it_systems,id,jt_ent_it_systems_ent_vendors_ent_it_systems_id_ent_it_sys_fkey
jt_ent_it_systems_ent_vendors_join,ent_it_systems_year,integer,NO,null,ent_it_systems,year,jt_ent_it_systems_ent_vendors_ent_it_systems_id_ent_it_sys_fkey
jt_ent_it_systems_ent_vendors_join,ent_vendors_id,character varying,NO,null,ent_vendors,year,jt_ent_it_systems_ent_vendors_ent_vendors_id_ent_vendors_y_fkey
jt_ent_it_systems_ent_vendors_join,ent_vendors_id,character varying,NO,null,ent_vendors,id,jt_ent_it_systems_ent_vendors_ent_vendors_id_ent_vendors_y_fkey
jt_ent_it_systems_ent_vendors_join,ent_vendors_year,integer,NO,null,ent_vendors,year,jt_ent_it_systems_ent_vendors_ent_vendors_id_ent_vendors_y_fkey
jt_ent_it_systems_ent_vendors_join,ent_vendors_year,integer,NO,null,ent_vendors,id,jt_ent_it_systems_ent_vendors_ent_vendors_id_ent_vendors_y_fkey
jt_ent_it_systems_ent_vendors_join,sla_details,text,YES,null,null,null,null
jt_ent_org_units_ent_culture_health_join,uid,integer,NO,nextval('jt_ent_org_units_ent_culture_health_join_uid_seq'::regclass),null,null,null
jt_ent_org_units_ent_culture_health_join,ent_org_units_id,text,NO,null,ent_org_units,year,fk_orgunit
jt_ent_org_units_ent_culture_health_join,ent_org_units_id,text,NO,null,ent_org_units,id,fk_orgunit
jt_ent_org_units_ent_culture_health_join,ent_org_units_year,integer,NO,null,ent_org_units,id,fk_orgunit
jt_ent_org_units_ent_culture_health_join,ent_org_units_year,integer,NO,null,ent_org_units,year,fk_orgunit
jt_ent_org_units_ent_culture_health_join,ent_culture_health_id,text,NO,null,ent_culture_health,year,fk_culture
jt_ent_org_units_ent_culture_health_join,ent_culture_health_id,text,NO,null,ent_culture_health,id,fk_culture
jt_ent_org_units_ent_culture_health_join,ent_culture_health_year,integer,NO,null,ent_culture_health,id,fk_culture
jt_ent_org_units_ent_culture_health_join,ent_culture_health_year,integer,NO,null,ent_culture_health,year,fk_culture
jt_ent_org_units_ent_processes_join,uid,bigint,NO,null,null,null,null
jt_ent_org_units_ent_processes_join,ent_org_units_id,character varying,NO,null,ent_org_units,id,jt_ent_org_units_ent_processe_ent_org_units_id_ent_org_uni_fkey
jt_ent_org_units_ent_processes_join,ent_org_units_id,character varying,NO,null,ent_org_units,year,jt_ent_org_units_ent_processe_ent_org_units_id_ent_org_uni_fkey
jt_ent_org_units_ent_processes_join,ent_org_units_year,integer,NO,null,ent_org_units,id,jt_ent_org_units_ent_processe_ent_org_units_id_ent_org_uni_fkey
jt_ent_org_units_ent_processes_join,ent_org_units_year,integer,NO,null,ent_org_units,year,jt_ent_org_units_ent_processe_ent_org_units_id_ent_org_uni_fkey
jt_ent_org_units_ent_processes_join,ent_processes_id,character varying,NO,null,ent_processes,year,jt_ent_org_units_ent_processe_ent_processes_id_ent_process_fkey
jt_ent_org_units_ent_processes_join,ent_processes_id,character varying,NO,null,ent_processes,id,jt_ent_org_units_ent_processe_ent_processes_id_ent_process_fkey
jt_ent_org_units_ent_processes_join,ent_processes_year,integer,NO,null,ent_processes,id,jt_ent_org_units_ent_processe_ent_processes_id_ent_process_fkey
jt_ent_org_units_ent_processes_join,ent_processes_year,integer,NO,null,ent_processes,year,jt_ent_org_units_ent_processe_ent_processes_id_ent_process_fkey
jt_ent_processes_ent_it_systems_join,uid,bigint,NO,null,null,null,null
jt_ent_processes_ent_it_systems_join,ent_processes_id,character varying,NO,null,ent_processes,year,jt_ent_processes_ent_it_syste_ent_processes_id_ent_process_fkey
jt_ent_processes_ent_it_systems_join,ent_processes_id,character varying,NO,null,ent_processes,id,jt_ent_processes_ent_it_syste_ent_processes_id_ent_process_fkey
jt_ent_processes_ent_it_systems_join,ent_processes_year,integer,NO,null,ent_processes,id,jt_ent_processes_ent_it_syste_ent_processes_id_ent_process_fkey
jt_ent_processes_ent_it_systems_join,ent_processes_year,integer,NO,null,ent_processes,year,jt_ent_processes_ent_it_syste_ent_processes_id_ent_process_fkey
jt_ent_processes_ent_it_systems_join,ent_it_systems_id,character varying,NO,null,ent_it_systems,id,jt_ent_processes_ent_it_syste_ent_it_systems_id_ent_it_sys_fkey
jt_ent_processes_ent_it_systems_join,ent_it_systems_id,character varying,NO,null,ent_it_systems,year,jt_ent_processes_ent_it_syste_ent_it_systems_id_ent_it_sys_fkey
jt_ent_processes_ent_it_systems_join,ent_it_systems_year,integer,NO,null,ent_it_systems,id,jt_ent_processes_ent_it_syste_ent_it_systems_id_ent_it_sys_fkey
jt_ent_processes_ent_it_systems_join,ent_it_systems_year,integer,NO,null,ent_it_systems,year,jt_ent_processes_ent_it_syste_ent_it_systems_id_ent_it_sys_fkey
jt_ent_projects_ent_change_adoption_join,uid,integer,NO,nextval('jt_ent_projects_ent_change_adoption_join_uid_seq'::regclass),null,null,null
jt_ent_projects_ent_change_adoption_join,ent_projects_id,text,NO,null,ent_projects,id,fk_proj
jt_ent_projects_ent_change_adoption_join,ent_projects_id,text,NO,null,ent_projects,year,fk_proj
jt_ent_projects_ent_change_adoption_join,ent_projects_year,integer,NO,null,ent_projects,year,fk_proj
jt_ent_projects_ent_change_adoption_join,ent_projects_year,integer,NO,null,ent_projects,id,fk_proj
jt_ent_projects_ent_change_adoption_join,ent_change_adoption_id,text,NO,null,ent_change_adoption,year,fk_change
jt_ent_projects_ent_change_adoption_join,ent_change_adoption_id,text,NO,null,ent_change_adoption,id,fk_change
jt_ent_projects_ent_change_adoption_join,ent_change_adoption_year,integer,NO,null,ent_change_adoption,id,fk_change
jt_ent_projects_ent_change_adoption_join,ent_change_adoption_year,integer,NO,null,ent_change_adoption,year,fk_change
jt_ent_projects_ent_it_systems_join,ent_projects_id,character varying,NO,null,null,null,null
jt_ent_projects_ent_it_systems_join,ent_projects_year,integer,NO,null,null,null,null
jt_ent_projects_ent_it_systems_join,ent_it_systems_id,character varying,NO,null,null,null,null
jt_ent_projects_ent_it_systems_join,ent_it_systems_year,integer,NO,null,null,null,null
jt_ent_projects_ent_it_systems_join,uid,bigint,NO,null,null,null,null
jt_ent_projects_ent_org_units_join,uid,bigint,NO,null,null,null,null
jt_ent_projects_ent_org_units_join,ent_projects_id,character varying,NO,null,ent_projects,year,jt_ent_projects_ent_org_units_ent_projects_id_ent_projects_fkey
jt_ent_projects_ent_org_units_join,ent_projects_id,character varying,NO,null,ent_projects,id,jt_ent_projects_ent_org_units_ent_projects_id_ent_projects_fkey
jt_ent_projects_ent_org_units_join,ent_projects_year,integer,NO,null,ent_projects,year,jt_ent_projects_ent_org_units_ent_projects_id_ent_projects_fkey
jt_ent_projects_ent_org_units_join,ent_projects_year,integer,NO,null,ent_projects,id,jt_ent_projects_ent_org_units_ent_projects_id_ent_projects_fkey
jt_ent_projects_ent_org_units_join,ent_org_units_id,character varying,NO,null,ent_org_units,year,jt_ent_projects_ent_org_units_ent_org_units_id_ent_org_uni_fkey
jt_ent_projects_ent_org_units_join,ent_org_units_id,character varying,NO,null,ent_org_units,id,jt_ent_projects_ent_org_units_ent_org_units_id_ent_org_uni_fkey
jt_ent_projects_ent_org_units_join,ent_org_units_year,integer,NO,null,ent_org_units,year,jt_ent_projects_ent_org_units_ent_org_units_id_ent_org_uni_fkey
jt_ent_projects_ent_org_units_join,ent_org_units_year,integer,NO,null,ent_org_units,id,jt_ent_projects_ent_org_units_ent_org_units_id_ent_org_uni_fkey
jt_ent_projects_ent_org_units_join,relationship_type,character varying,YES,null,null,null,null
jt_ent_projects_ent_processes_join,ent_projects_id,character varying,NO,null,null,null,null
jt_ent_projects_ent_processes_join,ent_projects_year,integer,NO,null,null,null,null
jt_ent_projects_ent_processes_join,ent_processes_id,character varying,NO,null,null,null,null
jt_ent_projects_ent_processes_join,ent_processes_year,integer,NO,null,null,null,null
jt_ent_projects_ent_processes_join,uid,bigint,NO,null,null,null,null
jt_ent_risks_sec_performance_join,ent_risks_id,character varying,NO,null,null,null,null
jt_ent_risks_sec_performance_join,ent_risks_year,integer,NO,null,null,null,null
jt_ent_risks_sec_performance_join,sec_performance_id,character varying,NO,null,null,null,null
jt_ent_risks_sec_performance_join,sec_performance_year,integer,NO,null,null,null,null
jt_ent_risks_sec_performance_join,uid,bigint,NO,null,null,null,null
jt_ent_risks_sec_policy_tools_join,ent_risks_id,character varying,YES,null,null,null,null
jt_ent_risks_sec_policy_tools_join,ent_risks_year,integer,YES,null,null,null,null
jt_ent_risks_sec_policy_tools_join,sec_policy_tools_id,character varying,YES,null,sec_policy_tools,year,jt_ent_risks_sec_policy_tools_sec_policy_tools_id_sec_poli_fkey
jt_ent_risks_sec_policy_tools_join,sec_policy_tools_id,character varying,YES,null,sec_policy_tools,id,jt_ent_risks_sec_policy_tools_sec_policy_tools_id_sec_poli_fkey
jt_ent_risks_sec_policy_tools_join,sec_policy_tools_year,integer,YES,null,sec_policy_tools,id,jt_ent_risks_sec_policy_tools_sec_policy_tools_id_sec_poli_fkey
jt_ent_risks_sec_policy_tools_join,sec_policy_tools_year,integer,YES,null,sec_policy_tools,year,jt_ent_risks_sec_policy_tools_sec_policy_tools_id_sec_poli_fkey
jt_ent_risks_sec_policy_tools_join,uid,bigint,NO,nextval('jt_ent_risks_sec_policy_tools_join_uid_seq'::regclass),null,null,null
jt_sec_admin_records_sec_businesses_join,uid,bigint,NO,null,null,null,null
jt_sec_admin_records_sec_businesses_join,sec_admin_records_id,character varying,NO,null,sec_admin_records,id,jt_sec_admin_records_sec_busi_sec_admin_records_id_sec_adm_fkey
jt_sec_admin_records_sec_businesses_join,sec_admin_records_id,character varying,NO,null,sec_admin_records,year,jt_sec_admin_records_sec_busi_sec_admin_records_id_sec_adm_fkey
jt_sec_admin_records_sec_businesses_join,sec_admin_records_year,integer,NO,null,sec_admin_records,id,jt_sec_admin_records_sec_busi_sec_admin_records_id_sec_adm_fkey
jt_sec_admin_records_sec_businesses_join,sec_admin_records_year,integer,NO,null,sec_admin_records,year,jt_sec_admin_records_sec_busi_sec_admin_records_id_sec_adm_fkey
jt_sec_admin_records_sec_businesses_join,sec_businesses_id,character varying,NO,null,sec_businesses,year,jt_sec_admin_records_sec_busi_sec_businesses_id_sec_busine_fkey
jt_sec_admin_records_sec_businesses_join,sec_businesses_id,character varying,NO,null,sec_businesses,id,jt_sec_admin_records_sec_busi_sec_businesses_id_sec_busine_fkey
jt_sec_admin_records_sec_businesses_join,sec_businesses_year,integer,NO,null,sec_businesses,year,jt_sec_admin_records_sec_busi_sec_businesses_id_sec_busine_fkey
jt_sec_admin_records_sec_businesses_join,sec_businesses_year,integer,NO,null,sec_businesses,id,jt_sec_admin_records_sec_busi_sec_businesses_id_sec_busine_fkey
jt_sec_admin_records_sec_citizens_join,uid,bigint,NO,null,null,null,null
jt_sec_admin_records_sec_citizens_join,sec_admin_records_id,character varying,NO,null,sec_admin_records,year,jt_sec_admin_records_sec_citi_sec_admin_records_id_sec_adm_fkey
jt_sec_admin_records_sec_citizens_join,sec_admin_records_id,character varying,NO,null,sec_admin_records,id,jt_sec_admin_records_sec_citi_sec_admin_records_id_sec_adm_fkey
jt_sec_admin_records_sec_citizens_join,sec_admin_records_year,integer,NO,null,sec_admin_records,id,jt_sec_admin_records_sec_citi_sec_admin_records_id_sec_adm_fkey
jt_sec_admin_records_sec_citizens_join,sec_admin_records_year,integer,NO,null,sec_admin_records,year,jt_sec_admin_records_sec_citi_sec_admin_records_id_sec_adm_fkey
jt_sec_admin_records_sec_citizens_join,sec_citizens_id,character varying,NO,null,sec_citizens,id,jt_sec_admin_records_sec_citi_sec_citizens_id_sec_citizens_fkey
jt_sec_admin_records_sec_citizens_join,sec_citizens_id,character varying,NO,null,sec_citizens,year,jt_sec_admin_records_sec_citi_sec_citizens_id_sec_citizens_fkey
jt_sec_admin_records_sec_citizens_join,sec_citizens_year,integer,NO,null,sec_citizens,id,jt_sec_admin_records_sec_citi_sec_citizens_id_sec_citizens_fkey
jt_sec_admin_records_sec_citizens_join,sec_citizens_year,integer,NO,null,sec_citizens,year,jt_sec_admin_records_sec_citi_sec_citizens_id_sec_citizens_fkey
jt_sec_admin_records_sec_gov_entities_join,uid,bigint,NO,null,null,null,null
jt_sec_admin_records_sec_gov_entities_join,sec_admin_records_id,character varying,NO,null,sec_admin_records,id,jt_sec_admin_records_sec_gov__sec_admin_records_id_sec_adm_fkey
jt_sec_admin_records_sec_gov_entities_join,sec_admin_records_id,character varying,NO,null,sec_admin_records,year,jt_sec_admin_records_sec_gov__sec_admin_records_id_sec_adm_fkey
jt_sec_admin_records_sec_gov_entities_join,sec_admin_records_year,integer,NO,null,sec_admin_records,year,jt_sec_admin_records_sec_gov__sec_admin_records_id_sec_adm_fkey
jt_sec_admin_records_sec_gov_entities_join,sec_admin_records_year,integer,NO,null,sec_admin_records,id,jt_sec_admin_records_sec_gov__sec_admin_records_id_sec_adm_fkey
jt_sec_admin_records_sec_gov_entities_join,sec_gov_entities_id,character varying,NO,null,sec_gov_entities,id,jt_sec_admin_records_sec_gov__sec_gov_entities_id_sec_gov__fkey
jt_sec_admin_records_sec_gov_entities_join,sec_gov_entities_id,character varying,NO,null,sec_gov_entities,year,jt_sec_admin_records_sec_gov__sec_gov_entities_id_sec_gov__fkey
jt_sec_admin_records_sec_gov_entities_join,sec_gov_entities_year,integer,NO,null,sec_gov_entities,id,jt_sec_admin_records_sec_gov__sec_gov_entities_id_sec_gov__fkey
jt_sec_admin_records_sec_gov_entities_join,sec_gov_entities_year,integer,NO,null,sec_gov_entities,year,jt_sec_admin_records_sec_gov__sec_gov_entities_id_sec_gov__fkey
jt_sec_businesses_sec_data_transactions_join,sec_businesses_id,character varying,YES,null,sec_businesses,id,jt_sec_businesses_sec_data_tr_sec_businesses_id_sec_busine_fkey
jt_sec_businesses_sec_data_transactions_join,sec_businesses_id,character varying,YES,null,sec_businesses,year,jt_sec_businesses_sec_data_tr_sec_businesses_id_sec_busine_fkey
jt_sec_businesses_sec_data_transactions_join,sec_businesses_year,integer,YES,null,sec_businesses,id,jt_sec_businesses_sec_data_tr_sec_businesses_id_sec_busine_fkey
jt_sec_businesses_sec_data_transactions_join,sec_businesses_year,integer,YES,null,sec_businesses,year,jt_sec_businesses_sec_data_tr_sec_businesses_id_sec_busine_fkey
jt_sec_businesses_sec_data_transactions_join,sec_data_transactions_id,character varying,YES,null,sec_data_transactions,year,jt_sec_businesses_sec_data_tr_sec_data_transactions_id_sec_fkey
jt_sec_businesses_sec_data_transactions_join,sec_data_transactions_id,character varying,YES,null,sec_data_transactions,id,jt_sec_businesses_sec_data_tr_sec_data_transactions_id_sec_fkey
jt_sec_businesses_sec_data_transactions_join,sec_data_transactions_year,integer,YES,null,sec_data_transactions,year,jt_sec_businesses_sec_data_tr_sec_data_transactions_id_sec_fkey
jt_sec_businesses_sec_data_transactions_join,sec_data_transactions_year,integer,YES,null,sec_data_transactions,id,jt_sec_businesses_sec_data_tr_sec_data_transactions_id_sec_fkey
jt_sec_businesses_sec_data_transactions_join,uid,bigint,NO,nextval('jt_sec_businesses_sec_data_transactions_join_uid_seq'::regclass),null,null,null
jt_sec_citizens_sec_data_transactions_join,sec_citizens_id,character varying,YES,null,sec_citizens,id,jt_sec_citizens_sec_data_tran_sec_citizens_id_sec_citizens_fkey
jt_sec_citizens_sec_data_transactions_join,sec_citizens_id,character varying,YES,null,sec_citizens,year,jt_sec_citizens_sec_data_tran_sec_citizens_id_sec_citizens_fkey
jt_sec_citizens_sec_data_transactions_join,sec_citizens_year,integer,YES,null,sec_citizens,year,jt_sec_citizens_sec_data_tran_sec_citizens_id_sec_citizens_fkey
jt_sec_citizens_sec_data_transactions_join,sec_citizens_year,integer,YES,null,sec_citizens,id,jt_sec_citizens_sec_data_tran_sec_citizens_id_sec_citizens_fkey
jt_sec_citizens_sec_data_transactions_join,sec_data_transactions_id,character varying,YES,null,sec_data_transactions,id,jt_sec_citizens_sec_data_tran_sec_data_transactions_id_sec_fkey
jt_sec_citizens_sec_data_transactions_join,sec_data_transactions_id,character varying,YES,null,sec_data_transactions,year,jt_sec_citizens_sec_data_tran_sec_data_transactions_id_sec_fkey
jt_sec_citizens_sec_data_transactions_join,sec_data_transactions_year,integer,YES,null,sec_data_transactions,year,jt_sec_citizens_sec_data_tran_sec_data_transactions_id_sec_fkey
jt_sec_citizens_sec_data_transactions_join,sec_data_transactions_year,integer,YES,null,sec_data_transactions,id,jt_sec_citizens_sec_data_tran_sec_data_transactions_id_sec_fkey
jt_sec_citizens_sec_data_transactions_join,uid,bigint,NO,nextval('jt_sec_citizens_sec_data_transactions_join_uid_seq'::regclass),null,null,null
jt_sec_data_transactions_sec_performance_join,sec_data_transactions_id,character varying,NO,null,null,null,null
jt_sec_data_transactions_sec_performance_join,sec_data_transactions_year,integer,NO,null,null,null,null
jt_sec_data_transactions_sec_performance_join,sec_performance_id,character varying,NO,null,null,null,null
jt_sec_data_transactions_sec_performance_join,sec_performance_year,integer,NO,null,null,null,null
jt_sec_data_transactions_sec_performance_join,uid,bigint,NO,null,null,null,null
jt_sec_gov_entities_sec_data_transactions_join,sec_gov_entities_id,character varying,YES,null,sec_gov_entities,year,jt_sec_gov_entities_sec_data__sec_gov_entities_id_sec_gov__fkey
jt_sec_gov_entities_sec_data_transactions_join,sec_gov_entities_id,character varying,YES,null,sec_gov_entities,id,jt_sec_gov_entities_sec_data__sec_gov_entities_id_sec_gov__fkey
jt_sec_gov_entities_sec_data_transactions_join,sec_gov_entities_year,integer,YES,null,sec_gov_entities,year,jt_sec_gov_entities_sec_data__sec_gov_entities_id_sec_gov__fkey
jt_sec_gov_entities_sec_data_transactions_join,sec_gov_entities_year,integer,YES,null,sec_gov_entities,id,jt_sec_gov_entities_sec_data__sec_gov_entities_id_sec_gov__fkey
jt_sec_gov_entities_sec_data_transactions_join,sec_data_transactions_id,character varying,YES,null,sec_data_transactions,year,jt_sec_gov_entities_sec_data__sec_data_transactions_id_sec_fkey
jt_sec_gov_entities_sec_data_transactions_join,sec_data_transactions_id,character varying,YES,null,sec_data_transactions,id,jt_sec_gov_entities_sec_data__sec_data_transactions_id_sec_fkey
jt_sec_gov_entities_sec_data_transactions_join,sec_data_transactions_year,integer,YES,null,sec_data_transactions,id,jt_sec_gov_entities_sec_data__sec_data_transactions_id_sec_fkey
jt_sec_gov_entities_sec_data_transactions_join,sec_data_transactions_year,integer,YES,null,sec_data_transactions,year,jt_sec_gov_entities_sec_data__sec_data_transactions_id_sec_fkey
jt_sec_gov_entities_sec_data_transactions_join,uid,bigint,NO,nextval('jt_sec_gov_entities_sec_data_transactions_join_uid_seq'::regclass),null,null,null
jt_sec_objectives_sec_performance_join,uid,integer,NO,nextval('jt_sec_objectives_sec_performance_join_uid_seq'::regclass),null,null,null
jt_sec_objectives_sec_performance_join,sec_objectives_id,text,NO,null,sec_objectives,id,fk_objective
jt_sec_objectives_sec_performance_join,sec_objectives_id,text,NO,null,sec_objectives,year,fk_objective
jt_sec_objectives_sec_performance_join,sec_objectives_year,integer,NO,null,sec_objectives,id,fk_objective
jt_sec_objectives_sec_performance_join,sec_objectives_year,integer,NO,null,sec_objectives,year,fk_objective
jt_sec_objectives_sec_performance_join,sec_performance_id,text,NO,null,sec_performance,year,fk_performance
jt_sec_objectives_sec_performance_join,sec_performance_id,text,NO,null,sec_performance,id,fk_performance
jt_sec_objectives_sec_performance_join,sec_performance_year,integer,NO,null,sec_performance,year,fk_performance
jt_sec_objectives_sec_performance_join,sec_performance_year,integer,NO,null,sec_performance,id,fk_performance
jt_sec_objectives_sec_policy_tools_join,sec_objectives_id,character varying,YES,null,sec_objectives,year,jt_sec_objectives_sec_policy__sec_objectives_id_sec_object_fkey
jt_sec_objectives_sec_policy_tools_join,sec_objectives_id,character varying,YES,null,sec_objectives,id,jt_sec_objectives_sec_policy__sec_objectives_id_sec_object_fkey
jt_sec_objectives_sec_policy_tools_join,sec_objectives_year,integer,YES,null,sec_objectives,id,jt_sec_objectives_sec_policy__sec_objectives_id_sec_object_fkey
jt_sec_objectives_sec_policy_tools_join,sec_objectives_year,integer,YES,null,sec_objectives,year,jt_sec_objectives_sec_policy__sec_objectives_id_sec_object_fkey
jt_sec_objectives_sec_policy_tools_join,sec_policy_tools_id,character varying,YES,null,sec_policy_tools,year,jt_sec_objectives_sec_policy__sec_policy_tools_id_sec_poli_fkey
jt_sec_objectives_sec_policy_tools_join,sec_policy_tools_id,character varying,YES,null,sec_policy_tools,id,jt_sec_objectives_sec_policy__sec_policy_tools_id_sec_poli_fkey
jt_sec_objectives_sec_policy_tools_join,sec_policy_tools_year,integer,YES,null,sec_policy_tools,id,jt_sec_objectives_sec_policy__sec_policy_tools_id_sec_poli_fkey
jt_sec_objectives_sec_policy_tools_join,sec_policy_tools_year,integer,YES,null,sec_policy_tools,year,jt_sec_objectives_sec_policy__sec_policy_tools_id_sec_poli_fkey
jt_sec_objectives_sec_policy_tools_join,uid,bigint,NO,nextval('jt_sec_objectives_sec_policy_tools_join_uid_seq'::regclass),null,null,null
jt_sec_performance_ent_capabilities_join,sec_performance_id,character varying,YES,null,sec_performance,id,jt_sec_performance_ent_capabi_sec_performance_id_sec_perfo_fkey
jt_sec_performance_ent_capabilities_join,sec_performance_id,character varying,YES,null,sec_performance,year,jt_sec_performance_ent_capabi_sec_performance_id_sec_perfo_fkey
jt_sec_performance_ent_capabilities_join,sec_performance_year,integer,YES,null,sec_performance,year,jt_sec_performance_ent_capabi_sec_performance_id_sec_perfo_fkey
jt_sec_performance_ent_capabilities_join,sec_performance_year,integer,YES,null,sec_performance,id,jt_sec_performance_ent_capabi_sec_performance_id_sec_perfo_fkey
jt_sec_performance_ent_capabilities_join,ent_capabilities_id,character varying,YES,null,ent_capabilities,year,jt_sec_performance_ent_capabi_ent_capabilities_id_ent_capa_fkey
jt_sec_performance_ent_capabilities_join,ent_capabilities_id,character varying,YES,null,ent_capabilities,id,jt_sec_performance_ent_capabi_ent_capabilities_id_ent_capa_fkey
jt_sec_performance_ent_capabilities_join,ent_capabilities_year,integer,YES,null,ent_capabilities,year,jt_sec_performance_ent_capabi_ent_capabilities_id_ent_capa_fkey
jt_sec_performance_ent_capabilities_join,ent_capabilities_year,integer,YES,null,ent_capabilities,id,jt_sec_performance_ent_capabi_ent_capabilities_id_ent_capa_fkey
jt_sec_performance_ent_capabilities_join,uid,bigint,NO,nextval('jt_sec_performance_ent_capabilities_join_uid_seq'::regclass),null,null,null
jt_sec_policy_tools_ent_capabilities_join,sec_policy_tools_id,character varying,YES,null,sec_policy_tools,year,jt_sec_policy_tools_ent_capab_sec_policy_tools_id_sec_poli_fkey
jt_sec_policy_tools_ent_capabilities_join,sec_policy_tools_id,character varying,YES,null,sec_policy_tools,id,jt_sec_policy_tools_ent_capab_sec_policy_tools_id_sec_poli_fkey
jt_sec_policy_tools_ent_capabilities_join,sec_policy_tools_year,integer,YES,null,sec_policy_tools,id,jt_sec_policy_tools_ent_capab_sec_policy_tools_id_sec_poli_fkey
jt_sec_policy_tools_ent_capabilities_join,sec_policy_tools_year,integer,YES,null,sec_policy_tools,year,jt_sec_policy_tools_ent_capab_sec_policy_tools_id_sec_poli_fkey
jt_sec_policy_tools_ent_capabilities_join,ent_capabilities_id,character varying,YES,null,ent_capabilities,year,jt_sec_policy_tools_ent_capab_ent_capabilities_id_ent_capa_fkey
jt_sec_policy_tools_ent_capabilities_join,ent_capabilities_id,character varying,YES,null,ent_capabilities,id,jt_sec_policy_tools_ent_capab_ent_capabilities_id_ent_capa_fkey
jt_sec_policy_tools_ent_capabilities_join,ent_capabilities_year,integer,YES,null,ent_capabilities,id,jt_sec_policy_tools_ent_capab_ent_capabilities_id_ent_capa_fkey
jt_sec_policy_tools_ent_capabilities_join,ent_capabilities_year,integer,YES,null,ent_capabilities,year,jt_sec_policy_tools_ent_capab_ent_capabilities_id_ent_capa_fkey
jt_sec_policy_tools_ent_capabilities_join,uid,bigint,NO,nextval('jt_sec_policy_tools_ent_capabilities_join_uid_seq'::regclass),null,null,null
jt_sec_policy_tools_sec_admin_records_join,sec_policy_tools_id,character varying,YES,null,sec_policy_tools,id,jt_sec_policy_tools_sec_admin_sec_policy_tools_id_sec_poli_fkey
jt_sec_policy_tools_sec_admin_records_join,sec_policy_tools_id,character varying,YES,null,sec_policy_tools,year,jt_sec_policy_tools_sec_admin_sec_policy_tools_id_sec_poli_fkey
jt_sec_policy_tools_sec_admin_records_join,sec_policy_tools_year,integer,YES,null,sec_policy_tools,year,jt_sec_policy_tools_sec_admin_sec_policy_tools_id_sec_poli_fkey
jt_sec_policy_tools_sec_admin_records_join,sec_policy_tools_year,integer,YES,null,sec_policy_tools,id,jt_sec_policy_tools_sec_admin_sec_policy_tools_id_sec_poli_fkey
jt_sec_policy_tools_sec_admin_records_join,sec_admin_records_id,character varying,YES,null,sec_admin_records,year,jt_sec_policy_tools_sec_admin_sec_admin_records_id_sec_adm_fkey
jt_sec_policy_tools_sec_admin_records_join,sec_admin_records_id,character varying,YES,null,sec_admin_records,id,jt_sec_policy_tools_sec_admin_sec_admin_records_id_sec_adm_fkey
jt_sec_policy_tools_sec_admin_records_join,sec_admin_records_year,integer,YES,null,sec_admin_records,id,jt_sec_policy_tools_sec_admin_sec_admin_records_id_sec_adm_fkey
jt_sec_policy_tools_sec_admin_records_join,sec_admin_records_year,integer,YES,null,sec_admin_records,year,jt_sec_policy_tools_sec_admin_sec_admin_records_id_sec_adm_fkey
jt_sec_policy_tools_sec_admin_records_join,uid,bigint,NO,nextval('jt_sec_policy_tools_sec_admin_records_join_uid_seq'::regclass),null,null,null
kg_edges,id,uuid,NO,uuid_generate_v4(),null,null,null
kg_edges,src_id,uuid,NO,null,kg_nodes,id,kg_edges_src_id_fkey
kg_edges,rel_type,text,NO,null,null,null,null
kg_edges,dst_id,uuid,NO,null,kg_nodes,id,kg_edges_dst_id_fkey
kg_edges,props,jsonb,NO,'{}'::jsonb,null,null,null
kg_edges,valid_from,timestamp with time zone,NO,now(),null,null,null
kg_edges,valid_to,timestamp with time zone,YES,null,null,null,null
kg_nodes,id,uuid,NO,uuid_generate_v4(),null,null,null
kg_nodes,type,text,NO,null,null,null,null
kg_nodes,props,jsonb,NO,'{}'::jsonb,null,null,null
kg_nodes,valid_from,timestamp with time zone,NO,now(),null,null,null
kg_nodes,valid_to,timestamp with time zone,YES,null,null,null,null
messages,id,integer,NO,nextval('messages_id_seq'::regclass),null,null,null
messages,conversation_id,integer,NO,null,conversations,id,messages_conversation_id_fkey
messages,role,character varying,NO,null,null,null,null
messages,content,text,NO,null,null,null,null
messages,artifact_ids,ARRAY,YES,null,null,null,null
messages,extra_metadata,jsonb,YES,null,null,null,null
messages,created_at,timestamp without time zone,YES,now(),null,null,null
personas,id,integer,NO,nextval('personas_id_seq'::regclass),null,null,null
personas,name,character varying,NO,null,null,null,null
personas,display_name,character varying,NO,null,null,null,null
personas,description,text,YES,null,null,null,null
personas,system_prompt,text,NO,null,null,null,null
personas,is_active,boolean,YES,true,null,null,null
personas,created_at,timestamp without time zone,YES,now(),null,null,null
personas,updated_at,timestamp without time zone,YES,now(),null,null,null
profiles,id,uuid,NO,null,null,null,null
profiles,email,text,YES,null,null,null,null
profiles,full_name,text,YES,null,null,null,null
profiles,avatar_url,text,YES,null,null,null,null
profiles,created_at,timestamp with time zone,YES,now(),null,null,null
profiles,updated_at,timestamp with time zone,YES,now(),null,null,null
rel_allowlist,src_type,text,NO,null,null,null,null
rel_allowlist,rel_name,text,NO,null,null,null,null
rel_allowlist,dst_type,text,NO,null,null,null,null
sec_admin_records,id,character varying,NO,null,null,null,null
sec_admin_records,year,integer,NO,null,null,null,null
sec_admin_records,quarter,integer,YES,null,null,null,null
sec_admin_records,record_type,character varying,YES,null,null,null,null
sec_admin_records,category,character varying,YES,null,null,null,null
sec_admin_records,dataset_name,character varying,YES,null,null,null,null
sec_admin_records,data_owner,character varying,YES,null,null,null,null
sec_admin_records,update_frequency,character varying,YES,null,null,null,null
sec_admin_records,content,text,YES,null,null,null,null
sec_admin_records,publication_date,date,YES,null,null,null,null
sec_admin_records,author_issuing_authority,character varying,YES,null,null,null,null
sec_admin_records,version,character varying,YES,null,null,null,null
sec_admin_records,status,character varying,YES,null,null,null,null
sec_admin_records,access_level,character varying,YES,null,null,null,null
sec_admin_records,level,character varying,NO,null,null,null,null
sec_admin_records,parent_id,character varying,YES,null,sec_admin_records,year,sec_admin_records_parent_id_parent_year_fkey
sec_admin_records,parent_id,character varying,YES,null,sec_admin_records,id,sec_admin_records_parent_id_parent_year_fkey
sec_admin_records,parent_year,integer,YES,null,sec_admin_records,year,sec_admin_records_parent_id_parent_year_fkey
sec_admin_records,parent_year,integer,YES,null,sec_admin_records,id,sec_admin_records_parent_id_parent_year_fkey
sec_businesses,id,character varying,NO,null,null,null,null
sec_businesses,year,integer,NO,null,null,null,null
sec_businesses,name,character varying,YES,null,null,null,null
sec_businesses,quarter,integer,YES,null,null,null,null
sec_businesses,registered_services,character varying,YES,null,null,null,null
sec_businesses,operating_sector,character varying,YES,null,null,null,null
sec_businesses,investment_portfolio,text,YES,null,null,null,null
sec_businesses,compliance_status,character varying,YES,null,null,null,null
sec_businesses,investment_goals,text,YES,null,null,null,null
sec_businesses,associated_projects,text,YES,null,null,null,null
sec_businesses,level,character varying,NO,null,null,null,null
sec_businesses,parent_id,character varying,YES,null,sec_businesses,year,sec_businesses_parent_id_parent_year_fkey
sec_businesses,parent_id,character varying,YES,null,sec_businesses,id,sec_businesses_parent_id_parent_year_fkey
sec_businesses,parent_year,integer,YES,null,sec_businesses,id,sec_businesses_parent_id_parent_year_fkey
sec_businesses,parent_year,integer,YES,null,sec_businesses,year,sec_businesses_parent_id_parent_year_fkey
sec_citizens,id,character varying,NO,null,null,null,null
sec_citizens,year,integer,NO,null,null,null,null
sec_citizens,quarter,integer,YES,null,null,null,null
sec_citizens,type,character varying,YES,null,null,null,null
sec_citizens,region,character varying,YES,null,null,null,null
sec_citizens,district,character varying,YES,null,null,null,null
sec_citizens,demographic_segment,character varying,YES,null,null,null,null
sec_citizens,service_uptake,integer,YES,null,null,null,null
sec_citizens,satisfaction_level,numeric,YES,null,null,null,null
sec_citizens,demographic_details,character varying,NO,null,null,null,null
sec_citizens,service_history,character varying,YES,null,null,null,null
sec_citizens,benefit_entitlements,character varying,YES,null,null,null,null
sec_citizens,complaints,integer,YES,null,null,null,null
sec_citizens,level,character varying,NO,null,null,null,null
sec_citizens,parent_id,character varying,YES,null,sec_citizens,year,sec_citizens_parent_id_parent_year_fkey
sec_citizens,parent_id,character varying,YES,null,sec_citizens,id,sec_citizens_parent_id_parent_year_fkey
sec_citizens,parent_year,integer,YES,null,sec_citizens,id,sec_citizens_parent_id_parent_year_fkey
sec_citizens,parent_year,integer,YES,null,sec_citizens,year,sec_citizens_parent_id_parent_year_fkey
sec_data_transactions,id,character varying,NO,null,null,null,null
sec_data_transactions,year,integer,NO,null,null,null,null
sec_data_transactions,quarter,integer,YES,null,null,null,null
sec_data_transactions,domain,character varying,YES,null,null,null,null
sec_data_transactions,department,character varying,YES,null,null,null,null
sec_data_transactions,transaction_type,character varying,YES,null,null,null,null
sec_data_transactions,volume,integer,YES,null,null,null,null
sec_data_transactions,efficiency_rating,numeric,YES,null,null,null,null
sec_data_transactions,volume_quantity,integer,YES,null,null,null,null
sec_data_transactions,productivity_metrics,character varying,YES,null,null,null,null
sec_data_transactions,it_systems,character varying,YES,null,null,null,null
sec_data_transactions,level,character varying,NO,null,null,null,null
sec_data_transactions,parent_id,character varying,YES,null,sec_data_transactions,year,sec_data_transactions_parent_id_parent_year_fkey
sec_data_transactions,parent_id,character varying,YES,null,sec_data_transactions,id,sec_data_transactions_parent_id_parent_year_fkey
sec_data_transactions,parent_year,integer,YES,null,sec_data_transactions,year,sec_data_transactions_parent_id_parent_year_fkey
sec_data_transactions,parent_year,integer,YES,null,sec_data_transactions,id,sec_data_transactions_parent_id_parent_year_fkey
sec_gov_entities,id,character varying,NO,null,null,null,null
sec_gov_entities,year,integer,NO,null,null,null,null
sec_gov_entities,name,character varying,YES,null,null,null,null
sec_gov_entities,quarter,integer,YES,null,null,null,null
sec_gov_entities,type,character varying,YES,null,null,null,null
sec_gov_entities,domain,character varying,YES,null,null,null,null
sec_gov_entities,specific_topic,character varying,YES,null,null,null,null
sec_gov_entities,engagement_level,integer,YES,null,null,null,null
sec_gov_entities,role_in_partnership,character varying,YES,null,null,null,null
sec_gov_entities,collaboration_agreements,character varying,YES,null,null,null,null
sec_gov_entities,points_of_contact,character varying,YES,null,null,null,null
sec_gov_entities,partnership_status,character varying,YES,null,null,null,null
sec_gov_entities,linked_policies,character varying,NO,null,null,null,null
sec_gov_entities,level,character varying,NO,null,null,null,null
sec_gov_entities,parent_id,character varying,YES,null,sec_gov_entities,id,sec_gov_entities_parent_id_parent_year_fkey
sec_gov_entities,parent_id,character varying,YES,null,sec_gov_entities,year,sec_gov_entities_parent_id_parent_year_fkey
sec_gov_entities,parent_year,integer,YES,null,sec_gov_entities,year,sec_gov_entities_parent_id_parent_year_fkey
sec_gov_entities,parent_year,integer,YES,null,sec_gov_entities,id,sec_gov_entities_parent_id_parent_year_fkey
sec_objectives,id,character varying,NO,null,sec_performance,id,fk_objectives_performance
sec_objectives,id,character varying,NO,null,sec_performance,year,fk_objectives_performance
sec_objectives,year,integer,NO,null,sec_performance,id,fk_objectives_performance
sec_objectives,year,integer,NO,null,sec_performance,year,fk_objectives_performance
sec_objectives,name,character varying,YES,null,null,null,null
sec_objectives,level,character varying,NO,null,null,null,null
sec_objectives,parent_id,character varying,YES,null,sec_objectives,year,sec_objectives_parent_id_parent_year_fkey
sec_objectives,parent_id,character varying,YES,null,sec_objectives,id,sec_objectives_parent_id_parent_year_fkey
sec_objectives,parent_year,integer,YES,null,sec_objectives,year,sec_objectives_parent_id_parent_year_fkey
sec_objectives,parent_year,integer,YES,null,sec_objectives,id,sec_objectives_parent_id_parent_year_fkey
sec_objectives,baseline,numeric,YES,null,null,null,null
sec_objectives,target,numeric,YES,null,null,null,null
sec_objectives,actual,numeric,YES,null,null,null,null
sec_objectives,indicator_type,character varying,YES,null,null,null,null
sec_objectives,frequency,character varying,YES,null,null,null,null
sec_objectives,status,character varying,YES,null,null,null,null
sec_objectives,rationale,text,YES,null,null,null,null
sec_objectives,expected_outcomes,text,YES,null,null,null,null
sec_objectives,timeframe,date,NO,null,null,null,null
sec_objectives,priority_level,integer,NO,null,null,null,null
sec_objectives,budget_allocated,numeric,NO,null,null,null,null
sec_performance,id,character varying,NO,null,null,null,null
sec_performance,year,integer,NO,null,null,null,null
sec_performance,quarter,integer,YES,null,null,null,null
sec_performance,name,character varying,YES,null,null,null,null
sec_performance,level,character varying,NO,null,null,null,null
sec_performance,parent_id,character varying,YES,null,sec_performance,id,sec_performance_parent_id_parent_year_fkey
sec_performance,parent_id,character varying,YES,null,sec_performance,year,sec_performance_parent_id_parent_year_fkey
sec_performance,parent_year,integer,YES,null,sec_performance,id,sec_performance_parent_id_parent_year_fkey
sec_performance,parent_year,integer,YES,null,sec_performance,year,sec_performance_parent_id_parent_year_fkey
sec_performance,kpi_type,character varying,YES,null,null,null,null
sec_performance,unit,character varying,YES,null,null,null,null
sec_performance,frequency,character varying,YES,null,null,null,null
sec_performance,target,numeric,YES,null,null,null,null
sec_performance,actual,numeric,YES,null,null,null,null
sec_performance,status,character varying,YES,null,null,null,null
sec_performance,description,text,YES,null,null,null,null
sec_performance,calculation_formula,text,NO,null,null,null,null
sec_performance,measurement_frequency,character varying,YES,null,null,null,null
sec_performance,thresholds,character varying,YES,null,null,null,null
sec_performance,data_source,character varying,YES,null,null,null,null
sec_policy_tools,id,character varying,NO,null,null,null,null
sec_policy_tools,year,integer,NO,null,null,null,null
sec_policy_tools,name,character varying,YES,null,null,null,null
sec_policy_tools,quarter,integer,YES,null,null,null,null
sec_policy_tools,level,character varying,NO,null,null,null,null
sec_policy_tools,parent_id,character varying,YES,null,sec_policy_tools,id,sec_policy_tools_parent_id_parent_year_fkey
sec_policy_tools,parent_id,character varying,YES,null,sec_policy_tools,year,sec_policy_tools_parent_id_parent_year_fkey
sec_policy_tools,parent_year,integer,YES,null,sec_policy_tools,id,sec_policy_tools_parent_id_parent_year_fkey
sec_policy_tools,parent_year,integer,YES,null,sec_policy_tools,year,sec_policy_tools_parent_id_parent_year_fkey
sec_policy_tools,tool_type,character varying,YES,null,null,null,null
sec_policy_tools,impact_target,character varying,YES,null,null,null,null
sec_policy_tools,delivery_channel,character varying,YES,null,null,null,null
sec_policy_tools,status,character varying,YES,null,null,null,null
sec_policy_tools,cost_of_implementation,numeric,NO,null,null,null,null
temp_investment_initiatives,id,integer,NO,nextval('temp_investment_initiatives_id_seq'::regclass),null,null,null
temp_investment_initiatives,quarter,text,NO,null,null,null,null
temp_investment_initiatives,initiative_name,text,NO,null,null,null,null
temp_investment_initiatives,budget,numeric,NO,null,null,null,null
temp_investment_initiatives,risk_score,numeric,NO,null,null,null,null
temp_investment_initiatives,alignment_score,numeric,NO,null,null,null,null
temp_investment_initiatives,created_at,timestamp with time zone,NO,now(),null,null,null
temp_investment_initiatives,updated_at,timestamp with time zone,NO,now(),null,null,null
temp_quarterly_dashboard_data,id,integer,NO,nextval('temp_quarterly_dashboard_data_id_seq'::regclass),null,null,null
temp_quarterly_dashboard_data,quarter,text,NO,null,null,null,null
temp_quarterly_dashboard_data,dimension_id,text,NO,null,null,null,null
temp_quarterly_dashboard_data,dimension_title,text,NO,null,null,null,null
temp_quarterly_dashboard_data,kpi_description,text,NO,null,null,null,null
temp_quarterly_dashboard_data,kpi_formula,text,NO,null,null,null,null
temp_quarterly_dashboard_data,kpi_base_value,numeric,NO,null,null,null,null
temp_quarterly_dashboard_data,kpi_actual,numeric,NO,null,null,null,null
temp_quarterly_dashboard_data,kpi_planned,numeric,NO,null,null,null,null
temp_quarterly_dashboard_data,kpi_next_target,numeric,NO,null,null,null,null
temp_quarterly_dashboard_data,kpi_final_target,numeric,NO,null,null,null,null
temp_quarterly_dashboard_data,health_score,numeric,NO,null,null,null,null
temp_quarterly_dashboard_data,health_state,text,NO,null,null,null,null
temp_quarterly_dashboard_data,trend,text,NO,null,null,null,null
temp_quarterly_dashboard_data,projections,jsonb,NO,null,null,null,null
temp_quarterly_dashboard_data,created_at,timestamp with time zone,NO,now(),null,null,null
temp_quarterly_dashboard_data,updated_at,timestamp with time zone,NO,now(),null,null,null
temp_quarterly_outcomes_data,id,integer,NO,nextval('temp_quarterly_outcomes_data_id_seq'::regclass),null,null,null
temp_quarterly_outcomes_data,quarter,text,NO,null,null,null,null
temp_quarterly_outcomes_data,fdi_actual,numeric,YES,null,null,null,null
temp_quarterly_outcomes_data,fdi_target,numeric,YES,null,null,null,null
temp_quarterly_outcomes_data,fdi_baseline,numeric,YES,null,null,null,null
temp_quarterly_outcomes_data,trade_balance_actual,numeric,YES,null,null,null,null
temp_quarterly_outcomes_data,trade_balance_target,numeric,YES,null,null,null,null
temp_quarterly_outcomes_data,trade_balance_baseline,numeric,YES,null,null,null,null
temp_quarterly_outcomes_data,jobs_created_actual,numeric,YES,null,null,null,null
temp_quarterly_outcomes_data,jobs_created_target,numeric,YES,null,null,null,null
temp_quarterly_outcomes_data,jobs_created_baseline,numeric,YES,null,null,null,null
temp_quarterly_outcomes_data,partnerships_actual,numeric,YES,null,null,null,null
temp_quarterly_outcomes_data,partnerships_target,numeric,YES,null,null,null,null
temp_quarterly_outcomes_data,partnerships_baseline,numeric,YES,null,null,null,null
temp_quarterly_outcomes_data,water_coverage_actual,numeric,YES,null,null,null,null
temp_quarterly_outcomes_data,water_coverage_target,numeric,YES,null,null,null,null
temp_quarterly_outcomes_data,water_coverage_baseline,numeric,YES,null,null,null,null
temp_quarterly_outcomes_data,water_quality_actual,numeric,YES,null,null,null,null
temp_quarterly_outcomes_data,water_quality_target,numeric,YES,null,null,null,null
temp_quarterly_outcomes_data,water_quality_baseline,numeric,YES,null,null,null,null
temp_quarterly_outcomes_data,energy_coverage_actual,numeric,YES,null,null,null,null
temp_quarterly_outcomes_data,energy_coverage_target,numeric,YES,null,null,null,null
temp_quarterly_outcomes_data,energy_coverage_baseline,numeric,YES,null,null,null,null
temp_quarterly_outcomes_data,energy_quality_actual,numeric,YES,null,null,null,null
temp_quarterly_outcomes_data,energy_quality_target,numeric,YES,null,null,null,null
temp_quarterly_outcomes_data,energy_quality_baseline,numeric,YES,null,null,null,null
temp_quarterly_outcomes_data,transport_coverage_actual,numeric,YES,null,null,null,null
temp_quarterly_outcomes_data,transport_coverage_target,numeric,YES,null,null,null,null
temp_quarterly_outcomes_data,transport_coverage_baseline,numeric,YES,null,null,null,null
temp_quarterly_outcomes_data,transport_quality_actual,numeric,YES,null,null,null,null
temp_quarterly_outcomes_data,transport_quality_target,numeric,YES,null,null,null,null
temp_quarterly_outcomes_data,transport_quality_baseline,numeric,YES,null,null,null,null
temp_quarterly_outcomes_data,community_engagement_actual,numeric,YES,null,null,null,null
temp_quarterly_outcomes_data,community_engagement_target,numeric,YES,null,null,null,null
temp_quarterly_outcomes_data,community_engagement_baseline,numeric,YES,null,null,null,null
temp_quarterly_outcomes_data,created_at,timestamp with time zone,NO,now(),null,null,null
temp_quarterly_outcomes_data,updated_at,timestamp with time zone,NO,now(),null,null,null
twin_knowledge_comments,id,uuid,NO,gen_random_uuid(),null,null,null
twin_knowledge_comments,article_id,text,NO,null,null,null,null
twin_knowledge_comments,user_id,uuid,YES,null,null,null,null
twin_knowledge_comments,user_name,text,NO,null,null,null,null
twin_knowledge_comments,user_avatar,text,YES,null,null,null,null
twin_knowledge_comments,content,text,NO,null,null,null,null
twin_knowledge_comments,created_at,timestamp with time zone,YES,now(),null,null,null
twin_knowledge_comments,updated_at,timestamp with time zone,YES,now(),null,null,null
users,id,integer,NO,nextval('users_id_seq'::regclass),null,null,null
users,email,character varying,NO,null,null,null,null
users,password,character varying,YES,null,null,null,null
users,full_name,character varying,YES,null,null,null,null
users,role,character varying,YES,'user'::character varying,null,null,null
users,is_active,boolean,YES,true,null,null,null
users,created_at,timestamp without time zone,YES,now(),null,null,null
users,updated_at,timestamp without time zone,YES,now(),null,null,null
users,supabase_id,text,YES,null,null,null,null
vec_chunks,id,uuid,NO,uuid_generate_v4(),null,null,null
vec_chunks,node_id,uuid,YES,null,kg_nodes,id,vec_chunks_node_id_fkey
vec_chunks,text,text,NO,null,null,null,null
vec_chunks,embedding,USER-DEFINED,NO,null,null,null,null
vec_chunks,meta,jsonb,NO,'{}'::jsonb,null,null,null
view_admin_records_with_node,id,character varying,YES,null,null,null,null
view_admin_records_with_node,year,integer,YES,null,null,null,null
view_admin_records_with_node,quarter,integer,YES,null,null,null,null
view_admin_records_with_node,record_type,character varying,YES,null,null,null,null
view_admin_records_with_node,category,character varying,YES,null,null,null,null
view_admin_records_with_node,dataset_name,character varying,YES,null,null,null,null
view_admin_records_with_node,data_owner,character varying,YES,null,null,null,null
view_admin_records_with_node,update_frequency,character varying,YES,null,null,null,null
view_admin_records_with_node,content,text,YES,null,null,null,null
view_admin_records_with_node,publication_date,date,YES,null,null,null,null
view_admin_records_with_node,author_issuing_authority,character varying,YES,null,null,null,null
view_admin_records_with_node,version,character varying,YES,null,null,null,null
view_admin_records_with_node,status,character varying,YES,null,null,null,null
view_admin_records_with_node,access_level,character varying,YES,null,null,null,null
view_admin_records_with_node,level,character varying,YES,null,null,null,null
view_admin_records_with_node,parent_id,character varying,YES,null,null,null,null
view_admin_records_with_node,parent_year,integer,YES,null,null,null,null
view_admin_records_with_node,node_id,uuid,YES,null,null,null,null
view_admin_records_with_node,node_props,jsonb,YES,null,null,null,null
view_admin_records_with_node,node_type,text,YES,null,null,null,null
view_businesses_with_node,id,character varying,YES,null,null,null,null
view_businesses_with_node,year,integer,YES,null,null,null,null
view_businesses_with_node,name,character varying,YES,null,null,null,null
view_businesses_with_node,quarter,integer,YES,null,null,null,null
view_businesses_with_node,registered_services,character varying,YES,null,null,null,null
view_businesses_with_node,operating_sector,character varying,YES,null,null,null,null
view_businesses_with_node,investment_portfolio,text,YES,null,null,null,null
view_businesses_with_node,compliance_status,character varying,YES,null,null,null,null
view_businesses_with_node,investment_goals,text,YES,null,null,null,null
view_businesses_with_node,associated_projects,text,YES,null,null,null,null
view_businesses_with_node,level,character varying,YES,null,null,null,null
view_businesses_with_node,parent_id,character varying,YES,null,null,null,null
view_businesses_with_node,parent_year,integer,YES,null,null,null,null
view_businesses_with_node,node_id,uuid,YES,null,null,null,null
view_businesses_with_node,node_props,jsonb,YES,null,null,null,null
view_businesses_with_node,node_type,text,YES,null,null,null,null
view_capabilities_with_node,id,character varying,YES,null,null,null,null
view_capabilities_with_node,year,integer,YES,null,null,null,null
view_capabilities_with_node,name,character varying,YES,null,null,null,null
view_capabilities_with_node,description,text,YES,null,null,null,null
view_capabilities_with_node,quarter,integer,YES,null,null,null,null
view_capabilities_with_node,maturity_level,integer,YES,null,null,null,null
view_capabilities_with_node,level,character varying,YES,null,null,null,null
view_capabilities_with_node,parent_id,character varying,YES,null,null,null,null
view_capabilities_with_node,parent_year,integer,YES,null,null,null,null
view_capabilities_with_node,status,character varying,YES,null,null,null,null
view_capabilities_with_node,target_maturity_level,character varying,YES,null,null,null,null
view_capabilities_with_node,type,text,YES,null,null,null,null
view_capabilities_with_node,node_id,uuid,YES,null,null,null,null
view_capabilities_with_node,node_props,jsonb,YES,null,null,null,null
view_capabilities_with_node,node_type,text,YES,null,null,null,null
view_change_adoption_with_node,id,character varying,YES,null,null,null,null
view_change_adoption_with_node,year,integer,YES,null,null,null,null
view_change_adoption_with_node,quarter,integer,YES,null,null,null,null
view_change_adoption_with_node,name,character varying,YES,null,null,null,null
view_change_adoption_with_node,level,character varying,YES,null,null,null,null
view_change_adoption_with_node,parent_id,character varying,YES,null,null,null,null
view_change_adoption_with_node,parent_year,integer,YES,null,null,null,null
view_change_adoption_with_node,change_type,character varying,YES,null,null,null,null
view_change_adoption_with_node,target_group,text,YES,null,null,null,null
view_change_adoption_with_node,status,character varying,YES,null,null,null,null
view_change_adoption_with_node,node_id,uuid,YES,null,null,null,null
view_change_adoption_with_node,node_props,jsonb,YES,null,null,null,null
view_change_adoption_with_node,node_type,text,YES,null,null,null,null
view_citizens_with_node,id,character varying,YES,null,null,null,null
view_citizens_with_node,year,integer,YES,null,null,null,null
view_citizens_with_node,quarter,integer,YES,null,null,null,null
view_citizens_with_node,type,character varying,YES,null,null,null,null
view_citizens_with_node,region,character varying,YES,null,null,null,null
view_citizens_with_node,district,character varying,YES,null,null,null,null
view_citizens_with_node,demographic_segment,character varying,YES,null,null,null,null
view_citizens_with_node,service_uptake,integer,YES,null,null,null,null
view_citizens_with_node,satisfaction_level,numeric,YES,null,null,null,null
view_citizens_with_node,demographic_details,character varying,YES,null,null,null,null
view_citizens_with_node,service_history,character varying,YES,null,null,null,null
view_citizens_with_node,benefit_entitlements,character varying,YES,null,null,null,null
view_citizens_with_node,complaints,integer,YES,null,null,null,null
view_citizens_with_node,level,character varying,YES,null,null,null,null
view_citizens_with_node,parent_id,character varying,YES,null,null,null,null
view_citizens_with_node,parent_year,integer,YES,null,null,null,null
view_citizens_with_node,node_id,uuid,YES,null,null,null,null
view_citizens_with_node,node_props,jsonb,YES,null,null,null,null
view_citizens_with_node,node_type,text,YES,null,null,null,null
view_culture_health_with_node,id,character varying,YES,null,null,null,null
view_culture_health_with_node,year,integer,YES,null,null,null,null
view_culture_health_with_node,quarter,integer,YES,null,null,null,null
view_culture_health_with_node,name,character varying,YES,null,null,null,null
view_culture_health_with_node,level,character varying,YES,null,null,null,null
view_culture_health_with_node,parent_id,character varying,YES,null,null,null,null
view_culture_health_with_node,parent_year,integer,YES,null,null,null,null
view_culture_health_with_node,survey_score,numeric,YES,null,null,null,null
view_culture_health_with_node,trend,character varying,YES,null,null,null,null
view_culture_health_with_node,target,numeric,YES,null,null,null,null
view_culture_health_with_node,participation_rate,numeric,YES,null,null,null,null
view_culture_health_with_node,historical_trends,character varying,YES,null,null,null,null
view_culture_health_with_node,baseline,numeric,YES,null,null,null,null
view_culture_health_with_node,node_id,uuid,YES,null,null,null,null
view_culture_health_with_node,node_props,jsonb,YES,null,null,null,null
view_culture_health_with_node,node_type,text,YES,null,null,null,null
view_data_transactions_with_node,id,character varying,YES,null,null,null,null
view_data_transactions_with_node,year,integer,YES,null,null,null,null
view_data_transactions_with_node,quarter,integer,YES,null,null,null,null
view_data_transactions_with_node,domain,character varying,YES,null,null,null,null
view_data_transactions_with_node,department,character varying,YES,null,null,null,null
view_data_transactions_with_node,transaction_type,character varying,YES,null,null,null,null
view_data_transactions_with_node,volume,integer,YES,null,null,null,null
view_data_transactions_with_node,efficiency_rating,numeric,YES,null,null,null,null
view_data_transactions_with_node,volume_quantity,integer,YES,null,null,null,null
view_data_transactions_with_node,productivity_metrics,character varying,YES,null,null,null,null
view_data_transactions_with_node,it_systems,character varying,YES,null,null,null,null
view_data_transactions_with_node,level,character varying,YES,null,null,null,null
view_data_transactions_with_node,parent_id,character varying,YES,null,null,null,null
view_data_transactions_with_node,parent_year,integer,YES,null,null,null,null
view_data_transactions_with_node,node_id,uuid,YES,null,null,null,null
view_data_transactions_with_node,node_props,jsonb,YES,null,null,null,null
view_data_transactions_with_node,node_type,text,YES,null,null,null,null
view_gov_entities_with_node,id,character varying,YES,null,null,null,null
view_gov_entities_with_node,year,integer,YES,null,null,null,null
view_gov_entities_with_node,name,character varying,YES,null,null,null,null
view_gov_entities_with_node,quarter,integer,YES,null,null,null,null
view_gov_entities_with_node,type,character varying,YES,null,null,null,null
view_gov_entities_with_node,domain,character varying,YES,null,null,null,null
view_gov_entities_with_node,specific_topic,character varying,YES,null,null,null,null
view_gov_entities_with_node,engagement_level,integer,YES,null,null,null,null
view_gov_entities_with_node,role_in_partnership,character varying,YES,null,null,null,null
view_gov_entities_with_node,collaboration_agreements,character varying,YES,null,null,null,null
view_gov_entities_with_node,points_of_contact,character varying,YES,null,null,null,null
view_gov_entities_with_node,partnership_status,character varying,YES,null,null,null,null
view_gov_entities_with_node,linked_policies,character varying,YES,null,null,null,null
view_gov_entities_with_node,level,character varying,YES,null,null,null,null
view_gov_entities_with_node,parent_id,character varying,YES,null,null,null,null
view_gov_entities_with_node,parent_year,integer,YES,null,null,null,null
view_gov_entities_with_node,node_id,uuid,YES,null,null,null,null
view_gov_entities_with_node,node_props,jsonb,YES,null,null,null,null
view_gov_entities_with_node,node_type,text,YES,null,null,null,null
view_it_systems_with_node,id,character varying,YES,null,null,null,null
view_it_systems_with_node,year,integer,YES,null,null,null,null
view_it_systems_with_node,quarter,integer,YES,null,null,null,null
view_it_systems_with_node,name,character varying,YES,null,null,null,null
view_it_systems_with_node,level,character varying,YES,null,null,null,null
view_it_systems_with_node,parent_id,character varying,YES,null,null,null,null
view_it_systems_with_node,parent_year,integer,YES,null,null,null,null
view_it_systems_with_node,system_type,character varying,YES,null,null,null,null
view_it_systems_with_node,technology_stack,text,YES,null,null,null,null
view_it_systems_with_node,owner,character varying,YES,null,null,null,null
view_it_systems_with_node,operational_status,character varying,YES,null,null,null,null
view_it_systems_with_node,acquisition_cost,numeric,YES,null,null,null,null
view_it_systems_with_node,number_of_modules,integer,YES,null,null,null,null
view_it_systems_with_node,licensing,character varying,YES,null,null,null,null
view_it_systems_with_node,annual_maintenance_costs,numeric,YES,null,null,null,null
view_it_systems_with_node,criticality,character varying,YES,null,null,null,null
view_it_systems_with_node,deployment_date,date,YES,null,null,null,null
view_it_systems_with_node,vendor_supplier,character varying,YES,null,null,null,null
view_it_systems_with_node,node_id,uuid,YES,null,null,null,null
view_it_systems_with_node,node_props,jsonb,YES,null,null,null,null
view_it_systems_with_node,node_type,text,YES,null,null,null,null
view_kg_edges_expanded,edge_id,uuid,YES,null,null,null,null
view_kg_edges_expanded,rel_type,text,YES,null,null,null,null
view_kg_edges_expanded,edge_props,jsonb,YES,null,null,null,null
view_kg_edges_expanded,valid_from,timestamp with time zone,YES,null,null,null,null
view_kg_edges_expanded,valid_to,timestamp with time zone,YES,null,null,null,null
view_kg_edges_expanded,src_id,uuid,YES,null,null,null,null
view_kg_edges_expanded,src_node_type,text,YES,null,null,null,null
view_kg_edges_expanded,src_props,jsonb,YES,null,null,null,null
view_kg_edges_expanded,dst_id,uuid,YES,null,null,null,null
view_kg_edges_expanded,dst_node_type,text,YES,null,null,null,null
view_kg_edges_expanded,dst_props,jsonb,YES,null,null,null,null
view_kg_nodes_expanded,node_id,uuid,YES,null,null,null,null
view_kg_nodes_expanded,node_type,text,YES,null,null,null,null
view_kg_nodes_expanded,node_props,jsonb,YES,null,null,null,null
view_kg_nodes_expanded,props_id,text,YES,null,null,null,null
view_kg_nodes_expanded,props_year,text,YES,null,null,null,null
view_kg_nodes_expanded,props_name,text,YES,null,null,null,null
view_kg_nodes_expanded,valid_from,timestamp with time zone,YES,null,null,null,null
view_kg_nodes_expanded,valid_to,timestamp with time zone,YES,null,null,null,null
view_objective_policytool_edges,edge_id,uuid,YES,null,null,null,null
view_objective_policytool_edges,rel_type,text,YES,null,null,null,null
view_objective_policytool_edges,objective_id,character varying,YES,null,null,null,null
view_objective_policytool_edges,objective_year,integer,YES,null,null,null,null
view_objective_policytool_edges,policy_tool_id,character varying,YES,null,null,null,null
view_objective_policytool_edges,policy_tool_year,integer,YES,null,null,null,null
view_objective_policytool_edges,edge_props,jsonb,YES,null,null,null,null
view_org_units_with_node,id,character varying,YES,null,null,null,null
view_org_units_with_node,year,integer,YES,null,null,null,null
view_org_units_with_node,quarter,integer,YES,null,null,null,null
view_org_units_with_node,name,character varying,YES,null,null,null,null
view_org_units_with_node,level,character varying,YES,null,null,null,null
view_org_units_with_node,parent_id,character varying,YES,null,null,null,null
view_org_units_with_node,parent_year,integer,YES,null,null,null,null
view_org_units_with_node,unit_type,character varying,YES,null,null,null,null
view_org_units_with_node,headcount,integer,YES,null,null,null,null
view_org_units_with_node,budget,numeric,YES,null,null,null,null
view_org_units_with_node,location,character varying,YES,null,null,null,null
view_org_units_with_node,head_of_unit,character varying,YES,null,null,null,null
view_org_units_with_node,annual_budget,numeric,YES,null,null,null,null
view_org_units_with_node,staff_count,integer,YES,null,null,null,null
view_org_units_with_node,gap,smallint,YES,null,null,null,null
view_org_units_with_node,node_id,uuid,YES,null,null,null,null
view_org_units_with_node,node_props,jsonb,YES,null,null,null,null
view_org_units_with_node,node_type,text,YES,null,null,null,null
view_performance_datatransaction_edges,edge_id,uuid,YES,null,null,null,null
view_performance_datatransaction_edges,rel_type,text,YES,null,null,null,null
view_performance_datatransaction_edges,performance_id,character varying,YES,null,null,null,null
view_performance_datatransaction_edges,performance_year,integer,YES,null,null,null,null
view_performance_datatransaction_edges,data_transaction_id,character varying,YES,null,null,null,null
view_performance_datatransaction_edges,data_transaction_year,integer,YES,null,null,null,null
view_performance_datatransaction_edges,edge_props,jsonb,YES,null,null,null,null
view_processes_with_node,id,character varying,YES,null,null,null,null
view_processes_with_node,year,integer,YES,null,null,null,null
view_processes_with_node,quarter,integer,YES,null,null,null,null
view_processes_with_node,name,character varying,YES,null,null,null,null
view_processes_with_node,level,character varying,YES,null,null,null,null
view_processes_with_node,parent_id,character varying,YES,null,null,null,null
view_processes_with_node,parent_year,integer,YES,null,null,null,null
view_processes_with_node,process_type,character varying,YES,null,null,null,null
view_processes_with_node,maturity_level,integer,YES,null,null,null,null
view_processes_with_node,automated,character varying,YES,null,null,null,null
view_processes_with_node,automation_due,character varying,YES,null,null,null,null
view_processes_with_node,health_status,character varying,YES,null,null,null,null
view_processes_with_node,stage,character varying,YES,null,null,null,null
view_processes_with_node,description,text,YES,null,null,null,null
view_processes_with_node,inputs,text,YES,null,null,null,null
view_processes_with_node,outputs,text,YES,null,null,null,null
view_processes_with_node,node_id,uuid,YES,null,null,null,null
view_processes_with_node,node_props,jsonb,YES,null,null,null,null
view_processes_with_node,node_type,text,YES,null,null,null,null
view_projects_with_node,id,character varying,YES,null,null,null,null
view_projects_with_node,year,integer,YES,null,null,null,null
view_projects_with_node,quarter,integer,YES,null,null,null,null
view_projects_with_node,name,character varying,YES,null,null,null,null
view_projects_with_node,level,character varying,YES,null,null,null,null
view_projects_with_node,parent_id,character varying,YES,null,null,null,null
view_projects_with_node,parent_year,integer,YES,null,null,null,null
view_projects_with_node,start_date,date,YES,null,null,null,null
view_projects_with_node,end_date,date,YES,null,null,null,null
view_projects_with_node,status,character varying,YES,null,null,null,null
view_projects_with_node,budget,numeric,YES,null,null,null,null
view_projects_with_node,progress_percentage,numeric,YES,null,null,null,null
view_projects_with_node,node_id,uuid,YES,null,null,null,null
view_projects_with_node,node_props,jsonb,YES,null,null,null,null
view_projects_with_node,node_type,text,YES,null,null,null,null
view_risks_with_node,id,character varying,YES,null,null,null,null
view_risks_with_node,year,integer,YES,null,null,null,null
view_risks_with_node,quarter,integer,YES,null,null,null,null
view_risks_with_node,name,character varying,YES,null,null,null,null
view_risks_with_node,level,character varying,YES,null,null,null,null
view_risks_with_node,parent_id,character varying,YES,null,null,null,null
view_risks_with_node,parent_year,integer,YES,null,null,null,null
view_risks_with_node,risk_category,character varying,YES,null,null,null,null
view_risks_with_node,project_outputs_risk,numeric,YES,null,null,null,null
view_risks_with_node,role_gaps_risk,numeric,YES,null,null,null,null
view_risks_with_node,it_systems_risk,numeric,YES,null,null,null,null
view_risks_with_node,project_outputs_persistence,integer,YES,null,null,null,null
view_risks_with_node,role_gaps_persistence,integer,YES,null,null,null,null
view_risks_with_node,it_systems_persistence,integer,YES,null,null,null,null
view_risks_with_node,project_outputs_delay_days,integer,YES,null,null,null,null
view_risks_with_node,role_gaps_delay_days,integer,YES,null,null,null,null
view_risks_with_node,it_systems_delay_days,integer,YES,null,null,null,null
view_risks_with_node,likelihood_of_delay,numeric,YES,null,null,null,null
view_risks_with_node,delay_days,integer,YES,null,null,null,null
view_risks_with_node,risk_score,numeric,YES,null,null,null,null
view_risks_with_node,people_score,numeric,YES,null,null,null,null
view_risks_with_node,process_score,numeric,YES,null,null,null,null
view_risks_with_node,tools_score,numeric,YES,null,null,null,null
view_risks_with_node,operational_health_score,numeric,YES,null,null,null,null
view_risks_with_node,identified_date,date,YES,null,null,null,null
view_risks_with_node,last_review_date,date,YES,null,null,null,null
view_risks_with_node,next_review_date,date,YES,null,null,null,null
view_risks_with_node,risk_status,character varying,YES,null,null,null,null
view_risks_with_node,closure_date,date,YES,null,null,null,null
view_risks_with_node,risk_owner,character varying,YES,null,null,null,null
view_risks_with_node,risk_reviewer,character varying,YES,null,null,null,null
view_risks_with_node,affecting_policy_tools_or_performance,character varying,YES,null,null,null,null
view_risks_with_node,policy_tools_associated,text,YES,null,null,null,null
view_risks_with_node,performance_target_associated,text,YES,null,null,null,null
view_risks_with_node,mitigation_strategy,text,YES,null,null,null,null
view_risks_with_node,risk_description,text,YES,null,null,null,null
view_risks_with_node,kpi,text,YES,null,null,null,null
view_risks_with_node,threshold_red,text,YES,null,null,null,null
view_risks_with_node,threshold_amber,text,YES,null,null,null,null
view_risks_with_node,threshold_green,text,YES,null,null,null,null
view_risks_with_node,external_factors,text,YES,null,null,null,null
view_risks_with_node,dependencies,text,YES,null,null,null,null
view_risks_with_node,node_id,uuid,YES,null,null,null,null
view_risks_with_node,node_props,jsonb,YES,null,null,null,null
view_risks_with_node,node_type,text,YES,null,null,null,null
view_sec_objectives_with_node,id,character varying,YES,null,null,null,null
view_sec_objectives_with_node,year,integer,YES,null,null,null,null
view_sec_objectives_with_node,name,character varying,YES,null,null,null,null
view_sec_objectives_with_node,level,character varying,YES,null,null,null,null
view_sec_objectives_with_node,parent_id,character varying,YES,null,null,null,null
view_sec_objectives_with_node,parent_year,integer,YES,null,null,null,null
view_sec_objectives_with_node,baseline,numeric,YES,null,null,null,null
view_sec_objectives_with_node,target,numeric,YES,null,null,null,null
view_sec_objectives_with_node,actual,numeric,YES,null,null,null,null
view_sec_objectives_with_node,indicator_type,character varying,YES,null,null,null,null
view_sec_objectives_with_node,frequency,character varying,YES,null,null,null,null
view_sec_objectives_with_node,status,character varying,YES,null,null,null,null
view_sec_objectives_with_node,rationale,text,YES,null,null,null,null
view_sec_objectives_with_node,expected_outcomes,text,YES,null,null,null,null
view_sec_objectives_with_node,timeframe,date,YES,null,null,null,null
view_sec_objectives_with_node,priority_level,integer,YES,null,null,null,null
view_sec_objectives_with_node,budget_allocated,numeric,YES,null,null,null,null
view_sec_objectives_with_node,node_id,uuid,YES,null,null,null,null
view_sec_objectives_with_node,node_props,jsonb,YES,null,null,null,null
view_sec_objectives_with_node,node_type,text,YES,null,null,null,null
view_sec_performance_with_node,id,character varying,YES,null,null,null,null
view_sec_performance_with_node,year,integer,YES,null,null,null,null
view_sec_performance_with_node,quarter,integer,YES,null,null,null,null
view_sec_performance_with_node,name,character varying,YES,null,null,null,null
view_sec_performance_with_node,level,character varying,YES,null,null,null,null
view_sec_performance_with_node,parent_id,character varying,YES,null,null,null,null
view_sec_performance_with_node,parent_year,integer,YES,null,null,null,null
view_sec_performance_with_node,kpi_type,character varying,YES,null,null,null,null
view_sec_performance_with_node,unit,character varying,YES,null,null,null,null
view_sec_performance_with_node,frequency,character varying,YES,null,null,null,null
view_sec_performance_with_node,target,numeric,YES,null,null,null,null
view_sec_performance_with_node,actual,numeric,YES,null,null,null,null
view_sec_performance_with_node,status,character varying,YES,null,null,null,null
view_sec_performance_with_node,description,text,YES,null,null,null,null
view_sec_performance_with_node,calculation_formula,text,YES,null,null,null,null
view_sec_performance_with_node,measurement_frequency,character varying,YES,null,null,null,null
view_sec_performance_with_node,thresholds,character varying,YES,null,null,null,null
view_sec_performance_with_node,data_source,character varying,YES,null,null,null,null
view_sec_performance_with_node,node_id,uuid,YES,null,null,null,null
view_sec_performance_with_node,node_props,jsonb,YES,null,null,null,null
view_sec_performance_with_node,node_type,text,YES,null,null,null,null
view_sec_policy_tools_with_node,id,character varying,YES,null,null,null,null
view_sec_policy_tools_with_node,year,integer,YES,null,null,null,null
view_sec_policy_tools_with_node,name,character varying,YES,null,null,null,null
view_sec_policy_tools_with_node,quarter,integer,YES,null,null,null,null
view_sec_policy_tools_with_node,level,character varying,YES,null,null,null,null
view_sec_policy_tools_with_node,parent_id,character varying,YES,null,null,null,null
view_sec_policy_tools_with_node,parent_year,integer,YES,null,null,null,null
view_sec_policy_tools_with_node,tool_type,character varying,YES,null,null,null,null
view_sec_policy_tools_with_node,impact_target,character varying,YES,null,null,null,null
view_sec_policy_tools_with_node,delivery_channel,character varying,YES,null,null,null,null
view_sec_policy_tools_with_node,status,character varying,YES,null,null,null,null
view_sec_policy_tools_with_node,cost_of_implementation,numeric,YES,null,null,null,null
view_sec_policy_tools_with_node,node_id,uuid,YES,null,null,null,null
view_sec_policy_tools_with_node,node_props,jsonb,YES,null,null,null,null
view_sec_policy_tools_with_node,node_type,text,YES,null,null,null,null
view_vendors_with_node,id,character varying,YES,null,null,null,null
view_vendors_with_node,year,integer,YES,null,null,null,null
view_vendors_with_node,quarter,integer,YES,null,null,null,null
view_vendors_with_node,name,character varying,YES,null,null,null,null
view_vendors_with_node,level,character varying,YES,null,null,null,null
view_vendors_with_node,parent_id,character varying,YES,null,null,null,null
view_vendors_with_node,parent_year,integer,YES,null,null,null,null
view_vendors_with_node,service_domain,character varying,YES,null,null,null,null
view_vendors_with_node,service_detail,text,YES,null,null,null,null
view_vendors_with_node,contract_value,numeric,YES,null,null,null,null
view_vendors_with_node,performance_rating,integer,YES,null,null,null,null
view_vendors_with_node,service_level_agreements,text,YES,null,null,null,null
view_vendors_with_node,node_id,uuid,YES,null,null,null,null
view_vendors_with_node,node_props,jsonb,YES,null,null,null,null
view_vendors_with_node,node_type,text,YES,null,null,null,null